id,x_position,y_position,rssi,ssid
1,430,1240,-62,matuli
2,1106,1240,-75,matuli
3,1708,1269.9999999999998,-75,matuli
4,1704,919.9999999999999,-75,matuli
5,1122,932,-75,matuli
